[
    {
        "name": "Breanna Melton",
        "countryName": "Guinea-Bissau",
        "bio": "mattis"
    },
    {
        "name": "Norman Love",
        "countryName": "Switzerland",
        "bio": "ridiculus"
    },
    {
        "name": "Whoopi Pratt",
        "countryName": "Afghanistan",
        "bio": "mollis non, cursus non, egestas"
    },
    {
        "name": "Xandra Sexton",
        "countryName": "Marshall Islands",
        "bio": "nostra, per inceptos hymenaeos. Mauris ut quam vel nostra, per inceptos hymenaeos. Mauris ut quam vel nostra, per inceptos hymenaeos. Mauris ut quam vel nostra, per inceptos hymenaeos. Mauris ut quam vel nostra, per inceptos hymenaeos. Mauris ut quam vel"
    },
    {
        "name": "Lee Hardin",
        "countryName": "Germany",
        "bio": "Donec feugiat metus sit amet ante. Vivamus"
    },
    {
        "name": "Basil Mcneil",
        "countryName": "Guernsey",
        "bio": "blandit viverra."
    },
    {
        "name": "Gay Sharpe",
        "countryName": "Spain",
        "bio": "adipiscing"
    },
    {
        "name": "Kalia Barnett",
        "countryName": "South Sudan",
        "bio": "risus. In mi pede, nonummy ut,"
    },
    {
        "name": "Damon Watson",
        "countryName": "Macao",
        "bio": "dolor. Fusce feugiat. Lorem ipsum dolor sit amet, consectetuer adipiscing"
    },
    {
        "name": "Suki Marsh",
        "countryName": "Tajikistan",
        "bio": "ut dolor"
    },
    {
        "name": "Ainsley Figueroa",
        "countryName": "Swaziland",
        "bio": "sit amet risus. Donec egestas. Aliquam nec enim. Nunc ut"
    },
    {
        "name": "Jack Banks",
        "countryName": "French Polynesia",
        "bio": "eu, ultrices"
    },
    {
        "name": "Gay Gentry",
        "countryName": "Cyprus",
        "bio": "Vestibulum ut eros non enim commodo hendrerit. Donec"
    },
    {
        "name": "Harding Sawyer",
        "countryName": "South Sudan",
        "bio": "quam. Pellentesque habitant"
    },
    {
        "name": "Kylan Hyde",
        "countryName": "Mauritania",
        "bio": "bibendum sed, est. Nunc laoreet lectus quis massa. Mauris"
    },
    {
        "name": "Irma Mccall",
        "countryName": "Costa Rica",
        "bio": "velit. Cras lorem lorem, luctus ut, pellentesque eget, dictum placerat,"
    },
    {
        "name": "Briar Langley",
        "countryName": "Monaco",
        "bio": "lectus quis massa. Mauris vestibulum,"
    },
    {
        "name": "Bryar Whitney",
        "countryName": "Rwanda",
        "bio": "sit amet metus."
    },
    {
        "name": "Hedley Ruiz",
        "countryName": "Czech Republic",
        "bio": "lorem eu metus. In lorem. Donec"
    },
    {
        "name": "Nicole Cabrera",
        "countryName": "Micronesia",
        "bio": "ipsum sodales purus, in molestie tortor nibh"
    },
    {
        "name": "Graiden Lane",
        "countryName": "Cambodia",
        "bio": "ipsum nunc"
    },
    {
        "name": "Ashely Sullivan",
        "countryName": "Northern Mariana Islands",
        "bio": "est ac mattis semper, dui"
    },
    {
        "name": "Moses Alston",
        "countryName": "New Zealand",
        "bio": "luctus vulputate, nisi sem semper erat, in consectetuer ipsum nunc"
    },
    {
        "name": "Ainsley Mosley",
        "countryName": "Ecuador",
        "bio": "amet diam eu dolor egestas rhoncus."
    },
    {
        "name": "Merritt Barton",
        "countryName": "Angola",
        "bio": "lorem, vehicula et, rutrum eu, ultrices sit"
    },
    {
        "name": "Hunter Ochoa",
        "countryName": "Mozambique",
        "bio": "dictum. Phasellus in felis. Nulla tempor augue ac"
    },
    {
        "name": "Wayne Fernandez",
        "countryName": "Panama",
        "bio": "suscipit, est ac"
    },
    {
        "name": "Moana Johnston",
        "countryName": "Seychelles",
        "bio": "cursus. Nunc mauris elit, dictum eu,"
    },
    {
        "name": "Chloe Farley",
        "countryName": "Netherlands",
        "bio": "at pede. Cras vulputate velit eu"
    },
    {
        "name": "Ginger Gay",
        "countryName": "Montserrat",
        "bio": "purus. Maecenas"
    },
    {
        "name": "Sophia Dodson",
        "countryName": "Moldova",
        "bio": "quam vel"
    },
    {
        "name": "Ebony Abbott",
        "countryName": "United Kingdom (Great Britain)",
        "bio": "Donec vitae erat"
    },
    {
        "name": "Cruz Skinner",
        "countryName": "Costa Rica",
        "bio": "magna. Sed eu eros. Nam consequat"
    },
    {
        "name": "Brian Henderson",
        "countryName": "Croatia",
        "bio": "quam"
    },
    {
        "name": "Quinlan Deleon",
        "countryName": "Croatia",
        "bio": "fringilla est. Mauris eu turpis."
    },
    {
        "name": "Regan Stein",
        "countryName": "Turkmenistan",
        "bio": "taciti sociosqu ad litora"
    },
    {
        "name": "Ulric Donovan",
        "countryName": "Iraq",
        "bio": "Cras sed leo. Cras vehicula aliquet"
    },
    {
        "name": "Brenda Hewitt",
        "countryName": "Saint Vincent and The Grenadines",
        "bio": "diam luctus lobortis. Class"
    },
    {
        "name": "Amos Sparks",
        "countryName": "Congo, the Democratic Republic of the",
        "bio": "sagittis"
    },
    {
        "name": "Halee Foreman",
        "countryName": "Egypt",
        "bio": "pretium aliquet, metus urna convallis"
    },
    {
        "name": "Ishmael Beck",
        "countryName": "Gabon",
        "bio": "neque. In ornare sagittis felis. Donec"
    },
    {
        "name": "Devin Melton",
        "countryName": "Benin",
        "bio": "dui. Cras"
    },
    {
        "name": "Byron Mcgee",
        "countryName": "Central African Republic",
        "bio": "in"
    },
    {
        "name": "Nomlanga Lynch",
        "countryName": "Palau",
        "bio": "quis diam. Pellentesque"
    },
    {
        "name": "Burke Gibbs",
        "countryName": "Saint Barthélemy",
        "bio": "Morbi"
    },
    {
        "name": "Carly Arnold",
        "countryName": "Tuvalu",
        "bio": "ornare. Fusce mollis. Duis sit amet diam eu dolor"
    },
    {
        "name": "Freya Knight",
        "countryName": "Kenya",
        "bio": "sit"
    },
    {
        "name": "Brock Burnett",
        "countryName": "Nicaragua",
        "bio": "Donec vitae erat vel pede blandit congue. In scelerisque scelerisque"
    },
    {
        "name": "Mannix Harrison",
        "countryName": "South Georgia and The South Sandwich Islands",
        "bio": "lacus"
    },
    {
        "name": "Mallory King",
        "countryName": "Lithuania",
        "bio": "lorem"
    },
    {
        "name": "Gisela Crane",
        "countryName": "Armenia",
        "bio": "quis urna. Nunc quis arcu"
    },
    {
        "name": "Tamara Miranda",
        "countryName": "India",
        "bio": "enim mi tempor"
    },
    {
        "name": "Talon Davenport",
        "countryName": "South Africa",
        "bio": "Morbi quis urna. Nunc"
    },
    {
        "name": "Kelsie Hebert",
        "countryName": "Bolivia",
        "bio": "eu, euismod ac, fermentum vel,"
    },
    {
        "name": "Oren Hooper",
        "countryName": "Iran",
        "bio": "laoreet lectus quis massa."
    },
    {
        "name": "Alfreda Lott",
        "countryName": "Samoa",
        "bio": "dignissim pharetra. Nam ac"
    },
    {
        "name": "Noelle Stafford",
        "countryName": "Togo",
        "bio": "velit. Aliquam nisl. Nulla eu"
    },
    {
        "name": "Thaddeus Knapp",
        "countryName": "Bahamas",
        "bio": "ipsum dolor"
    },
    {
        "name": "Orson Alston",
        "countryName": "Guyana",
        "bio": "a, enim. Suspendisse aliquet, sem ut cursus luctus, ipsum"
    },
    {
        "name": "Ralph Bates",
        "countryName": "Virgin Islands, United States",
        "bio": "Nunc"
    },
    {
        "name": "Amelia Eaton",
        "countryName": "Turkmenistan",
        "bio": "non, dapibus rutrum, justo. Praesent luctus. Curabitur egestas"
    },
    {
        "name": "Wing Avila",
        "countryName": "Martinique",
        "bio": "nascetur ridiculus mus. Proin vel"
    },
    {
        "name": "Orlando Whitaker",
        "countryName": "Kenya",
        "bio": "diam vel arcu. Curabitur ut odio vel"
    },
    {
        "name": "Kiona Acosta",
        "countryName": "Spain",
        "bio": "eget, volutpat ornare, facilisis eget, ipsum. Donec sollicitudin adipiscing"
    },
    {
        "name": "Keith Reynolds",
        "countryName": "Jordan",
        "bio": "in, tempus eu, ligula. Aenean euismod mauris eu"
    },
    {
        "name": "Macon Martinez",
        "countryName": "Lesotho",
        "bio": "lobortis quam a"
    },
    {
        "name": "Quon Noble",
        "countryName": "Canada",
        "bio": "nulla magna, malesuada vel,"
    },
    {
        "name": "Lester Pugh",
        "countryName": "Saint Vincent and The Grenadines",
        "bio": "semper"
    },
    {
        "name": "Maggie Mcdowell",
        "countryName": "Spain",
        "bio": "iaculis, lacus pede sagittis augue,"
    },
    {
        "name": "Tallulah Swanson",
        "countryName": "Norfolk Island",
        "bio": "urna et"
    },
    {
        "name": "Phelan Atkinson",
        "countryName": "Andorra",
        "bio": "sociis natoque penatibus et magnis"
    },
    {
        "name": "Ashely Noel",
        "countryName": "Mongolia",
        "bio": "diam vel arcu. Curabitur ut odio"
    },
    {
        "name": "Rae Simmons",
        "countryName": "Nepal",
        "bio": "natoque penatibus et magnis dis parturient montes, nascetur ridiculus mus."
    },
    {
        "name": "Isaiah Combs",
        "countryName": "Croatia",
        "bio": "semper rutrum. Fusce"
    },
    {
        "name": "Madison Williamson",
        "countryName": "Argentina",
        "bio": "Nunc lectus pede, ultrices a, auctor"
    },
    {
        "name": "Gareth Hatfield",
        "countryName": "Martinique",
        "bio": "a neque. Nullam ut nisi a odio"
    },
    {
        "name": "Beverly Cunningham",
        "countryName": "Guadeloupe",
        "bio": "In scelerisque scelerisque dui. Suspendisse ac metus vitae velit"
    },
    {
        "name": "Mariko Stevenson",
        "countryName": "Sint Maarten",
        "bio": "Phasellus at augue id"
    },
    {
        "name": "Bruce Watkins",
        "countryName": "Iraq",
        "bio": "senectus et netus et malesuada"
    },
    {
        "name": "Ciaran Snyder",
        "countryName": "Uganda",
        "bio": "ad litora torquent per conubia nostra, per inceptos hymenaeos."
    },
    {
        "name": "Carla Haney",
        "countryName": "Belize",
        "bio": "euismod ac, fermentum vel,"
    },
    {
        "name": "Callie Mcgee",
        "countryName": "Bosnia and Herzegovina",
        "bio": "euismod et, commodo at, libero. Morbi accumsan"
    },
    {
        "name": "Driscoll Marsh",
        "countryName": "Hungary",
        "bio": "sollicitudin a, malesuada id, erat."
    },
    {
        "name": "Hall Hall",
        "countryName": "Morocco",
        "bio": "a mi fringilla mi lacinia mattis. Integer"
    },
    {
        "name": "Quemby Hunt",
        "countryName": "Myanmar",
        "bio": "magna. Lorem"
    },
    {
        "name": "Connor Patrick",
        "countryName": "Antigua and Barbuda",
        "bio": "iaculis aliquet diam. Sed diam lorem, auctor quis, tristique"
    },
    {
        "name": "Chelsea Clements",
        "countryName": "Bosnia and Herzegovina",
        "bio": "a, arcu. Sed et libero."
    },
    {
        "name": "Jillian Daniels",
        "countryName": "Tokelau",
        "bio": "Nam ligula elit, pretium et, rutrum non, hendrerit"
    },
    {
        "name": "Sara Salazar",
        "countryName": "Virgin Islands, United States",
        "bio": "vel nisl."
    },
    {
        "name": "Penelope Cunningham",
        "countryName": "Anguilla",
        "bio": "Nam nulla magna, malesuada"
    },
    {
        "name": "Vladimir Cotton",
        "countryName": "Nigeria",
        "bio": "fringilla euismod enim. Etiam"
    },
    {
        "name": "Tiger Lucas",
        "countryName": "Malaysia",
        "bio": "at"
    },
    {
        "name": "Cleo Mcfarland",
        "countryName": "Morocco",
        "bio": "Proin vel nisl. Quisque fringilla euismod enim. Etiam gravida"
    },
    {
        "name": "Warren Clarke",
        "countryName": "Anguilla",
        "bio": "metus facilisis lorem tristique aliquet. Phasellus fermentum convallis ligula. Donec"
    },
    {
        "name": "Clementine Terry",
        "countryName": "Gibraltar",
        "bio": "ligula."
    },
    {
        "name": "Brock Patel",
        "countryName": "Åland Islands",
        "bio": "tortor, dictum eu, placerat eget, venenatis a, magna. Lorem"
    },
    {
        "name": "Barry Mckenzie",
        "countryName": "Viet Nam",
        "bio": "tellus. Nunc lectus"
    },
    {
        "name": "Audrey Melendez",
        "countryName": "Mali",
        "bio": "sem egestas blandit. Nam nulla magna, malesuada vel,"
    },
    {
        "name": "Keely Todd",
        "countryName": "Czech Republic",
        "bio": "morbi"
    },
    {
        "name": "Clio Pickett",
        "countryName": "Sint Maarten",
        "bio": "a"
    }
]

